,DISTRICT,2001,2002,2003,2004,2005,2006,2007,2008,2009,2010,2011,2012,2013
0,ADILABAD,4154,4675,4881,5011,5033,6122,5685,5300,5312,4955,5121,5710,6381
1,ANANTAPUR,4125,4467,4582,4296,4545,5090,5182,5734,5181,5854,5430,5441,6913
2,CHITTOOR,5818,6306,6624,6960,6746,6440,7095,7307,7268,5218,5224,4465,5610
3,CUDDAPAH,3140,3324,3447,4107,4072,5298,5500,6605,5510,5694,5340,6110,7048
4,EAST GODAVARI,6507,7931,7616,7741,8262,9056,8580,8435,8660,6349,7111,6945,6779
5,GUNTAKAL RLY.,287,310,368,338,225,221,175,171,214,287,297,339,301
6,GUNTUR,7848,7883,7715,8544,7736,9080,8659,8911,9806,6512,7026,7371,7026
7,HYDERABAD CITY,11831,14413,20252,18868,17276,17295,17391,18567,17840,17549,15657,15992,16355
8,KARIMNAGAR,5811,7086,7709,8048,8875,8141,8535,8337,7902,8320,8973,8991,8836
9,KHAMMAM,4582,5646,5179,5928,5757,5961,6215,5834,6228,5571,5961,6041,10607
10,KRISHNA,4779,5318,5283,5377,5335,5267,5178,5528,5893,5819,6857,7211,6876
11,KURNOOL,4581,4684,4775,5372,5266,5823,6159,7835,8002,7258,7441,6687,7595
12,MAHABOOBNAGAR,4819,5354,5390,4545,5624,6320,6389,6661,6972,6704,6675,6485,8092
13,MEDAK,3532,4208,4818,4789,4024,5602,6070,5989,5887,5269,5669,6070,7054
14,NALGONDA,5002,5290,5651,6009,6570,7933,7960,8026,8617,7736,7640,8934,10291
15,NELLORE,5245,5240,5952,7047,5283,5805,5991,6118,5867,5779,6294,6854,7326
16,NIZAMABAD,3621,4417,4674,4804,5059,5812,5178,5709,4890,5815,6391,5542,7662
17,PRAKASHAM,3678,3636,3720,3881,4343,5776,5655,5453,6125,5442,5980,6675,6399
18,RANGA REDDY,9867,10602,1980,2240,2127,2028,2170,2419,2042,1676,1792,2094,2191
19,SECUNDERABAD RLY.,439,444,536,465,508,311,445,476,588,462,573,916,849
20,SRIKAKULAM,2572,2486,2663,2821,2686,3016,3898,3908,3354,4910,4161,3818,4841
21,VIJAYAWADA RLY.,320,410,430,359,316,339,373,417,592,449,479,732,773
22,VISAKHA RURAL,3183,2669,2599,2903,2687,3235,3278,3107,2738,3312,3468,2733,3238
23,VISAKHAPATNAM,3422,2838,3261,3182,4455,5478,5480,5015,5416,7112,4886,4626,6775
24,VIZIANAGARAM,2178,2432,2150,2464,2560,2955,3256,3142,3451,3862,4818,4482,4918
25,WARANGAL,6319,6397,6827,7717,6683,7879,7333,6758,7479,2717,4516,4722,5421
26,WEST GODAVARI,5696,6061,7480,7370,7200,7538,7434,8213,8586,8273,8311,7867,8498
27,CHANGLANG,163,180,145,162,148,153,171,199,207,249,201,223,189
28,DIBANG VALLEY,139,178,116,112,128,135,101,133,115,119,90,78,91
29,KAMENG EAST,126,126,101,100,104,124,110,144,163,141,102,140,169
30,KAMENG WEST,103,84,83,104,111,113,104,97,137,131,118,112,164
31,LOHIT,190,169,189,180,158,173,206,159,170,176,158,226,330
32,PAPUM PARE,498,383,405,440,496,556,576,541,456,444,553,505,600
33,SIANG EAST,243,264,232,292,313,245,239,179,222,240,235,170,217
34,SIANG UPPER,56,44,55,51,80,85,76,55,55,53,55,51,69
35,SIANG WEST,361,331,257,329,230,250,218,276,243,237,210,218,263
36,SUBANSIRI LOWER,148,152,123,95,119,111,123,135,127,113,78,136,109
37,SUBANSIRI UPPER,140,132,118,138,180,152,141,162,136,164,136,168,164
38,TAWANG,48,44,49,75,48,49,46,42,44,40,49,46,47
39,TIRAP,127,141,146,122,114,99,101,141,166,140,143,187,93
40,BARPETA,1778,1527,1644,1543,1981,1877,2039,2539,2496,3030,2962,4764,8597
41,BONGAIGAON,810,818,772,1142,825,652,1110,1219,1253,1407,1504,1381,1565
42,C.I.D.,8,52,24,22,15,18,26,24,22,51,57,65,58
43,CACHAR,3462,3520,3457,3518,3930,3817,3677,4869,4601,4505,4286,4658,4880
44,DARRANG,1454,861,1400,1653,1156,1391,1322,1493,2321,2598,2622,2607,2459
45,DHEMAJI,652,689,762,838,943,1025,1154,1326,1016,1091,1092,1107,1397
46,DHUBRI,1505,1721,1920,2160,2285,2629,3257,3242,3291,4289,4244,4633,6857
47,DIBRUGARH,1565,1642,1901,2074,2095,2069,1906,2343,2155,2406,2529,2997,3529
50,G.R.P.,4352,4039,3278,2916,2002,1683,2153,2632,2248,3933,5116,2782,4169
51,GOALPARA,873,959,1098,1053,1162,1063,1131,1319,1776,2290,2203,2415,2322
52,GOLAGHAT,1166,1347,1459,1514,1421,1500,1468,1476,1586,1503,2012,2245,2844
53,GUWAHATI CITY,4373,4384,5590,5074,5651,4992,3929,7163,7280,9219,10545,8730,12162
54,HAILAKANDI,820,814,791,798,888,948,871,1171,1202,1458,1355,1322,1414
55,JORHAT,1190,1130,1131,953,981,1463,1634,1517,1362,1763,2147,2612,3478
56,KAMRUP,2011,1673,1255,2559,891,1205,2264,2429,2335,2341,2868,5022,3310
57,KARBI ANGLONG,721,527,619,593,685,693,775,684,624,650,759,824,637
58,KARIMGANJ,843,894,919,1097,1083,1153,1167,1046,1140,1382,2031,2210,2411
59,KOKRAJHAR,776,896,723,859,928,961,1046,902,1191,1016,1238,6459,1448
60,LAKHIMPUR,1779,1925,1651,1478,1615,1642,1758,1905,1861,1876,2010,1968,2281
61,MORIGAON,731,782,861,792,981,1194,1310,1429,1322,1320,1204,1449,1879
62,N.C.HILLS,187,213,212,229,220,221,292,233,254,191,220,249,265
63,NAGAON,3202,3254,3539,3477,3545,3546,3540,4294,5203,5699,5998,5980,7393
64,NALBARI,1194,1011,1215,1133,750,844,697,1183,1348,1374,1832,1801,2050
65,R.P.O.,101,13,30,110,143,86,60,88,90,117,78,100,85
66,SIBSAGAR,1643,1881,1628,1514,1635,1978,2175,2276,2163,2285,2254,2686,3373
67,SONITPUR,2309,2269,2317,2639,2805,2156,2726,2779,2907,3129,3631,3980,4159
68,TINSUKIA,1381,1428,1095,1523,1759,2660,2219,2333,2374,2295,2285,2544,3104
69,ARARIA,2069,2085,2071,2035,1743,2611,2904,2907,2129,2421,2914,2526,2813
70,ARWAL,591,606,597,487,512,562,542,694,655,770,799,858,909
71,AURANGABAD,1690,2312,2329,2418,2283,2230,2485,3381,3113,3015,3409,3279,3648
72,BAGAHA,912,975,932,977,945,1156,1989,2439,1500,1543,1623,1729,2039
73,BANKA,1386,1496,1250,1378,1353,1526,1908,1848,1820,1816,1765,1801,2065
74,BEGUSARAI,2628,3054,2903,3110,2444,2884,3197,3256,3387,4025,3420,3717,5319
75,BETTIAH,2796,3288,3012,5235,3075,3058,2686,3312,3202,3755,3903,5073,5274
76,BHABHUA,1368,1509,1236,1432,1255,1422,1748,1763,1780,1883,2025,1867,1860
77,BHAGALPUR,2634,2791,3042,3362,3104,3552,3020,4313,3240,3220,3024,3134,3590
78,BHOJPUR,2806,3021,2794,3795,2853,3143,3113,3866,3736,3969,3564,3846,4888
79,BUXAR,1674,1840,1167,2304,1644,1663,1467,1496,1860,2180,2236,2566,2833
80,DARBHANGA,2572,3087,2808,3083,3140,3235,3388,3800,4261,4308,5387,6314,5674
81,GAYA,3182,3124,3345,3536,3418,3424,3406,4179,4626,4706,5207,6082,7816
82,GOPALGANJ,2098,2035,2005,2724,2543,2357,2430,2605,2641,2779,3334,3959,3811
83,JAMALPUR RLY.,225,239,237,328,195,168,192,223,232,246,290,264,306
84,JAMUI,1046,1048,1055,1388,1409,1556,1593,1788,2257,1880,1902,1752,1942
85,JEHANABAD,1353,1318,1680,1430,1191,1087,1319,1524,1592,1832,1658,1448,1976
86,KATIHAR,1811,2173,2177,1899,1785,1757,2618,2858,2537,2488,3653,4072,3693
87,KATIHAR RLY.,417,434,524,445,432,503,464,467,364,419,390,317,266
88,KHAGARIA,895,1101,1397,1554,1439,1712,1724,1826,1671,1860,1899,2257,2483
89,KISHANGANJ,897,966,959,1052,1017,1086,1040,1316,1247,1234,1225,1420,1828
90,LAKHISARAI,754,788,782,914,840,971,1230,1187,1294,1316,1243,1238,1326
91,MADHEPURA,1062,1019,1001,1175,1137,1172,1456,1700,1770,1877,1810,2293,2745
92,MADHUBANI,2897,2627,2687,2721,2835,1196,3625,5454,4175,4319,4660,4887,4662
93,MOTIHARI,3881,4596,4286,4331,4564,4246,4333,4600,5234,5546,7489,7833,8255
94,MUNGER,1758,2014,1877,1672,1749,1846,2037,1899,2002,2052,1981,1829,2195
95,MUZAFFARPUR,4212,4863,4841,6810,5363,5484,5748,5678,5579,6541,6827,7306,9021
96,MUZAFFARPUR RLY.,538,609,594,685,583,709,585,609,600,524,524,553,606
97,NALANDA,3479,3247,2949,3403,3000,2973,3759,4215,4707,4411,4527,4993,5740
98,NAUGACHIA,570,711,693,1059,999,914,988,1523,1573,1216,1478,1494,1564
99,NAWADAH,1515,1500,1347,1772,1732,1566,1803,1747,2164,2286,2523,2729,2989
100,PATNA,8583,9217,9770,10632,11840,12736,14064,14491,14446,14036,13712,14015,18302
101,PATNA RLY.,1127,1018,1119,1135,950,972,835,939,1146,1181,1143,1088,1105
102,PURNEA,2054,2131,1919,2275,2169,2403,2582,2802,2820,2959,3332,3953,3950
103,ROHTAS,2961,3419,2855,2854,3384,3038,2825,3943,4071,4488,4203,3665,4769
104,SAHARSA,1066,967,1004,1554,1441,1787,2019,2155,2087,1795,2020,2421,2792
105,SAMASTIPUR,2853,2808,2970,3159,3452,3333,3154,3416,4077,4063,4216,4817,5802
106,SARAN,3442,3277,3709,4851,3233,3526,3556,3550,3826,4050,5200,5254,5492
107,SHEIKHPURA,804,887,717,794,683,590,765,1020,964,923,1031,1189,1116
108,SHEOHAR,428,447,410,389,493,488,434,546,555,546,614,603,769
109,SITAMARHI,1797,2172,2407,2734,2687,2548,2665,3235,3763,3776,3624,3982,5324
110,SIWAN,1853,2016,2065,2294,2190,2438,2412,2452,2242,3106,3408,4379,5390
111,SUPAUL,1672,1760,1246,1843,1224,1302,1612,1978,1675,1721,2043,2626,2930
112,VAISHALI,4076,3445,3495,5032,3522,3735,3700,3669,4311,4372,4661,5186,5578
114,BALRAMPUR,734,535,255,312,309,386,505,351,415,438,657,586,649
116,BILASPUR,1074,1217,1098,1103,1165,1192,1104,1046,1063,1138,1077,960,1131
117,BIZAPUR,86,239,265,260,401,522,475,368,306,395,325,291,318
118,DANTEWARA,739,616,605,702,698,784,762,723,737,692,674,360,370
119,DHAMTARI,996,1249,1412,1270,1309,1463,1628,1552,1442,1382,1190,1147,1189
120,DURG,6544,6121,6127,6518,6647,6938,6084,6595,7341,9563,11218,7471,6892
121,GRP RAIPUR,315,320,327,351,385,386,291,301,358,407,277,289,266
122,JAGDALPUR,1812,1910,1923,2197,2087,2197,1924,2309,2211,2157,2262,1454,1448
123,JANJGIR,2059,2014,1733,2398,2705,2851,2740,3011,2964,2896,3335,3287,3470
124,JASHPUR,719,766,704,835,959,974,1053,1270,1258,1240,1312,1237,1273
125,KANKER,760,1046,874,966,1022,1017,1143,1062,993,976,929,1007,1132
126,KORBA,2112,2295,2661,2210,2083,2311,2228,2515,2428,2600,2448,2217,2214
127,KORIYA,1644,1531,1313,1486,1343,1368,1589,1798,1574,1817,1690,1581,1641
128,MAHASAMUND,1185,1324,1412,1489,1551,1517,1460,1493,1660,1624,2140,2120,2396
129,RAIGARH,1650,1547,1941,2035,2234,2369,2764,2945,2890,3130,3024,3053,3350
130,RAIPUR,6786,5595,6198,6970,7454,7932,8344,9981,9915,10360,10652,8323,8907
131,RAJNANDGAON,2650,2494,2247,2380,2419,2569,2900,3252,3071,2849,3133,3035,2866
132,SARGUJA,3130,2739,2340,2765,1843,1566,1568,1805,1835,2218,2312,1742,1757
133,NORTH GOA,1271,1380,1330,1227,1305,1199,1290,1489,1673,1926,2056,2102,2595
134,SOUTH GOA,1070,1060,914,900,814,1005,1189,1253,1332,1367,1393,1506,1717
135,AHMEDABAD COMMR.,13496,14479,16199,17553,17468,19238,17310,18544,20726,21442,20203,21347,21258
136,AHMEDABAD RURAL,2146,2772,2638,2813,2925,3020,4006,3404,3241,3373,3688,3673,4050
137,AHWA-DANG,147,170,104,124,146,280,292,231,153,154,227,209,248
138,AMRELI,2191,1851,1940,2240,3578,2432,2308,2391,2226,2167,2126,2301,2229
139,ANAND,3879,3859,3512,3216,3077,3053,3919,3794,3455,3464,3154,2991,2816
140,BHARUCH,3052,3086,2793,2747,2688,2618,2538,3075,3183,2872,2931,2781,2756
141,BHAVNAGAR,5088,5146,4815,5341,7586,8457,6047,5858,4611,4133,4257,4375,4410
142,DAHOD,1717,1743,1537,1759,1523,1725,1722,1808,1459,1832,1910,1683,1544
143,GANDHINAGAR,3478,3299,3380,2756,2646,2841,2970,4808,4890,5755,5716,6530,6933
144,HIMATNAGAR,4013,4386,4182,4053,4380,6525,6041,4887,3365,3713,4667,6411,10261
145,JAMNAGAR,3857,3571,3225,3794,3882,3903,6978,5332,4694,3972,5126,5030,4247
146,JUNAGADH,5186,4980,4832,4764,5786,4683,4864,5288,5521,4690,4196,3915,4099
147,KHEDA NORTH,3851,3868,3627,3643,3997,4550,5069,5265,4168,5277,4868,5092,4838
148,MEHSANA,5175,5120,4789,4549,4792,4649,4924,4604,4672,4602,4368,5353,7496
149,NARMADA,536,696,477,590,1049,643,822,810,755,841,625,674,727
150,NAVSARI,1404,1354,1402,1199,1246,1177,994,995,870,1078,1370,1542,1737
151,PALANPUR,3887,3745,3788,3544,3845,5018,4793,4107,4325,4728,5273,4867,5480
152,PANCHMAHAL,2535,2416,2192,2306,3259,3421,3673,3323,3460,3720,3540,3677,3563
153,PATAN,2447,2389,2357,2186,2646,2679,2974,2948,2564,2438,3147,3107,3677
154,PORBANDAR,1215,1213,958,1008,1086,954,924,1014,973,875,872,896,838
155,RAJKOT COMMR.,4774,4644,4802,4339,3934,3489,3912,5525,4475,4024,3939,4319,3572
156,RAJKOT RURAL,4402,4382,4319,4178,4809,4167,3994,3870,4269,3741,4582,4297,4683
157,SURAT COMMR.,3995,4172,4401,4131,5273,8659,10986,10741,7564,7426,8446,9246,24307
158,SURAT RURAL,1766,2060,2156,2614,2246,2366,1607,1589,1446,1698,3408,3644,3242
159,SURENDRANAGAR,3113,3137,3051,2850,3526,2748,3220,2957,2951,2871,3037,2985,2822
160,VADODARA COMMR.,5047,7116,5712,5551,5276,5672,5109,5386,5060,5352,5727,6440,12786
161,VADODARA RURAL,3137,3377,3215,3142,3023,2616,2858,2755,2836,2663,3133,3479,3439
162,VALSAD,3109,2746,2481,2565,1694,2066,1854,1800,1777,1821,2532,2731,2713
163,BHIWANI,1855,1938,1994,2181,2184,2519,2573,2739,2732,2871,3015,3378,3877
164,FARIDABAD,5808,6999,7110,5585,5051,4682,4520,4516,4409,4920,5357,5023,5264
165,FATEHABAD,1214,1226,938,1104,1282,1430,1550,1621,1627,1385,1334,1535,1974
167,GRP,615,770,729,931,859,859,1139,1260,1264,1199,11,10,14
168,GURGAON,3502,3623,3683,4077,3969,5528,6355,7170,6340,6736,6640,7138,9729
169,HISSAR,2830,2545,2355,2464,2709,3117,2986,3166,3346,3821,4371,4536,5432
170,JHAJJAR,1501,1518,1272,1336,1343,1257,1560,1715,1797,2137,2062,2016,2028
171,JIND,1452,1325,1084,1008,1231,1634,1654,1767,2373,2435,2271,2323,2923
172,KAITHAL,1195,1121,1206,1226,1286,1554,1588,1522,1744,1668,1855,1724,1805
173,KARNAL,2383,2173,2215,2352,2990,3143,3095,3231,3351,3447,3202,3958,4302
174,KURUKSHETRA,1753,1856,1804,2050,2164,2500,2492,2413,2485,2536,2151,2294,2635
175,MAHENDRAGARH,1169,1303,1235,1233,1084,1853,1686,1724,1713,1835,2011,1772,1960
176,PANCHKULA,1054,1187,1419,1169,1200,1350,1264,1569,1554,1328,1472,1372,1790
177,PANIPAT,1895,2096,1863,1817,2138,2500,2368,2702,2812,2809,3192,3003,3299
178,REWARI,1214,1293,1417,1558,1753,2003,2318,2361,2125,2351,2404,2452,2703
179,ROHTAK,1856,1883,1764,1867,2003,2226,2306,2642,2838,3077,3294,2951,3103
180,SIRSA,1768,1778,1515,1531,1667,1847,1972,1958,1722,2007,2371,2268,2825
181,SONIPAT,1944,2046,1828,2051,2413,2940,2664,3383,3429,3475,2954,3465,3570
182,YAMUNANAGAR,1405,1300,1283,1331,1707,1809,1782,2073,2282,2020,2185,2144,2541
183,CHAMBA,555,677,585,627,580,592,780,761,711,663,678,557,694
185,HAMIRPUR,1031,861,365,646,631,533,435,450,472,518,638,848,1040
186,KANGRA,2035,1961,2015,2057,2023,2128,2211,2290,2486,2416,2709,2810,2884
187,KINNAUR,147,154,156,190,231,231,215,170,203,197,162,192,173
188,KULLU,630,743,747,790,870,836,1020,1096,961,808,934,719,1009
189,LAHAUL-SPITI,50,68,59,52,51,58,81,70,64,67,102,100,87
190,MANDI,1747,1775,1744,1735,1712,1892,2203,2144,1937,1788,1640,1733,1831
191,SHIMLA,1964,2008,1963,1992,2009,1997,2126,1941,1763,1790,2866,1530,1652
192,SIRMAUR,703,712,663,692,720,766,789,885,909,844,866,866,814
193,SOLAN,1130,1266,1332,1344,1236,1442,1620,1504,854,893,959,778,885
194,UNA,713,803,780,800,755,865,947,1102,994,1040,921,895,1076
195,ANANTNAG,1104,1358,1347,1473,1530,1511,1310,1224,1393,1299,1484,1431,1426
196,AWANTIPORA,316,309,356,384,410,334,377,367,472,480,509,372,332
197,BARAMULLA,1533,1476,1815,1815,1701,1666,1544,1247,1580,975,1116,1215,1457
198,BUDGAM,812,831,921,989,965,1153,1336,1404,1369,1352,1307,1234,1218
199,CRIME JAMMU,27,48,36,52,46,26,44,25,17,20,16,12,19
200,DODA,627,726,761,751,683,888,947,591,721,870,706,724,874
201,GANDERBAL,395,519,588,608,498,510,622,358,446,365,523,529,553
202,JAMMU,3607,3236,3370,3626,3085,3233,3342,3851,3746,3976,4118,4261,4547
203,KARGIL,82,71,83,97,93,107,88,107,104,136,114,107,108
204,KATHUA,817,968,1046,967,967,1106,1238,1057,1001,1061,1170,1254,1178
205,KULGAM,635,585,563,577,584,663,673,572,720,712,686,775,941
206,KUPWARA,1027,597,713,732,675,629,682,393,417,527,767,796,790
207,LEH,137,128,142,153,174,200,286,253,168,158,189,180,156
208,POONCH,766,625,727,586,641,719,761,787,758,950,822,839,806
209,PULWAMA,883,953,956,903,922,946,842,421,433,617,443,435,429
211,RAILWAYS,289,387,240,185,222,204,214,209,269,333,362,348,368
212,RAJOURI,965,1100,1303,1197,1168,1373,1560,1286,1210,1460,1832,1894,1814
213,RAMBAN,537,566,609,598,648,711,734,678,669,636,761,761,737
214,REASI,389,377,275,293,316,318,310,472,517,545,581,677,704
215,SRINAGAR,3042,3104,3109,2837,2883,2629,2620,2549,2960,2630,2756,2614,2792
216,UDHAMPUR,1010,1096,1213,1282,996,942,944,843,910,1032,1063,1082,1140
217,BOKARO,1936,2194,2154,2194,2411,2322,2751,2665,2476,2808,2973,3564,3634
218,CHAIBASA,669,730,735,730,1004,1032,1025,837,812,916,844,944,1061
219,CHATRA,748,840,1038,840,716,772,960,1030,858,923,925,1017,1062
220,DEOGHAR,1106,1283,1582,1283,1385,1780,1813,1475,1588,1702,1506,2000,2394
221,DHANBAD,2916,3201,3227,3201,3645,3707,3712,3579,3787,3835,3708,4606,4768
222,DHANBAD RLY.,360,408,363,408,103,300,281,235,310,336,384,380,409
223,DUMKA,1016,1008,967,1008,1571,1522,1569,1758,1519,1504,1562,1479,1817
224,GARHWA,788,869,985,869,964,1168,1016,1279,1321,1303,1865,2139,2688
225,GIRIDIH,1918,1955,2386,1955,2356,2689,2710,2819,2564,2580,2418,2871,4378
226,GODDA,1030,2203,2195,2203,1273,1231,1295,1863,1236,1464,1263,1765,1800
227,GUMLA,658,689,769,689,787,991,979,960,926,945,1036,933,929
228,HAZARIBAGH,2498,2621,2839,2621,3189,3034,2777,3021,2409,2238,2282,2427,2719
229,JAMSHEDPUR,2712,2755,2138,2755,3143,3192,3471,3212,3595,3574,3106,4022,4727
230,JAMSHEDPUR RLY.,148,201,235,201,400,291,265,194,282,248,251,207,219
231,JAMTARA,473,534,476,534,540,676,719,654,449,525,708,850,1255
232,KODERMA,667,785,751,785,816,769,785,825,987,927,1090,1135,1736
233,LATEHAR,380,456,519,456,459,543,569,540,658,455,513,527,698
234,LOHARDAGGA,311,432,448,432,615,567,620,563,472,513,622,451,584
235,PAKUR,483,584,526,584,719,731,756,796,693,731,721,933,1139
236,PALAMU,1461,1549,1603,1549,1718,1566,1597,2117,1888,2101,2033,2107,2228
237,RANCHI,1602,4306,4277,4306,5075,5302,4849,4805,5138,5862,2222,2396,2860
238,SAHEBGANJ,628,730,642,730,813,841,896,844,935,907,1128,1467,1938
239,SARAIKELA,692,824,973,824,1013,900,907,857,865,886,900,897,1057
240,SIMDEGA,247,282,375,282,460,438,432,378,312,368,396,456,513
241,BAGALKOT,1710,1915,1951,2038,2083,2062,2044,2048,2130,2189,2255,2297,2340
242,BANGALORE COMMR.,27254,29120,29260,28526,29042,26284,27049,29664,32380,32188,30283,29297,30318
243,BANGALORE RURAL,5209,7310,7409,8084,8200,8778,8577,4423,4384,4612,4915,5560,5663
244,BELGAUM,5053,4726,4494,4657,5680,6143,6778,7150,7315,7463,7393,6845,6594
245,BELLARY,3229,3088,3302,3850,4432,4112,3636,3264,3209,3414,3205,3112,3269
246,BIDAR,4371,4417,4069,4045,3589,3583,3639,3363,3594,3599,3471,3658,3963
247,BIJAPUR,2941,2762,4283,3109,3015,3162,3218,3125,3290,3259,3040,2783,2569
248,CHAMARAJNAGAR,1390,1327,1171,1627,1504,1300,1373,1518,1661,1937,1960,1733,1866
249,CHICKMAGALUR,2766,2796,3013,2823,2716,3369,2814,3101,2915,3165,2726,2498,2758
250,CHITRADURGA,2691,2986,3276,3672,3492,3531,3929,4191,4122,4752,4278,4059,3970
251,DAKSHIN KANNADA,3047,3429,3521,4133,4292,4037,3888,3974,4187,4196,1741,1836,2050
252,DAVANAGERE,3301,3106,2988,2950,2869,2812,2775,3009,3259,3059,2768,3271,3843
253,DHARWAD COMMR.,1902,2021,1793,1698,1818,2125,2053,2299,2040,2221,1856,1937,2443
254,DHARWAD RURAL,899,905,903,918,992,993,996,1087,1278,1487,1297,1313,1238
255,GADAG,899,928,842,947,1030,1138,1022,1175,1150,1107,1100,1083,1092
256,GULBARGA,4169,4003,4278,4684,4858,5093,4952,5622,5984,4799,4537,4101,4524
257,HASSAN,4039,4100,4196,4298,4120,4299,4531,4949,5142,6204,6071,5592,5433
258,HAVERI,2211,1955,1827,1970,1888,1839,2043,2322,2139,2245,2356,2333,2157
259,K.G.F.,906,1054,920,833,841,768,864,849,853,991,971,1007,822
260,KODAGU,1301,1365,1282,1459,1478,1341,1613,1730,1826,2199,1901,1550,1707
261,KOLAR,3230,3553,3213,3129,3125,3411,3746,2014,1859,1912,2053,2209,2275
262,KOPPAL,1406,1393,1135,1103,1589,1539,1640,1723,1916,1951,1858,1899,1732
263,MANDYA,4807,4745,3755,3380,3380,3924,4236,4747,5491,6626,6120,5914,5544
264,MYSORE COMMR.,1903,1762,1819,2159,2600,2696,2937,3086,3183,3407,3081,2826,2916
265,MYSORE RURAL,2900,2798,2374,2600,2649,2868,3195,3173,3486,4464,4383,4339,4116
266,RAICHUR,2384,2522,2334,2333,2609,2789,2873,2994,2907,3349,3491,3039,3062
267,SHIMOGA,4178,4165,3706,3749,4169,4403,4249,4790,5599,5839,5516,5034,5943
268,TUMKUR,4141,4180,4003,4251,4354,4271,4718,4813,4945,5101,5593,5567,4829
269,UDUPI,1959,2209,2170,2240,2237,2218,2389,2335,2406,2699,2578,2454,2667
270,UTTAR KANNADA,2319,2335,2306,2296,2323,2279,2341,2580,2603,2993,2976,2828,2977
271,ALAPUZHA,7319,7578,6975,7082,7622,7700,8161,8373,7654,7842,9927,8555,10198
272,IDUKKI,5421,4646,4252,4229,4500,4797,4921,4923,5150,8620,6196,5134,5101
273,KANNUR,5888,5024,4273,4621,5153,5461,5982,5901,6839,5850,7989,8400,6899
274,KASARGOD,3116,2770,2843,2669,2998,3062,4146,3585,3567,3238,3942,5174,5401
275,KOTTAYAM,7082,7316,6684,7919,7923,8186,7859,8008,7848,8151,8448,12355,12314
276,MALAPPURAM,7428,6532,5909,6777,6860,6527,7186,7419,6994,9196,13026,14385,17840
277,PALAKKAD,6516,6135,5465,5668,5496,5620,5461,5557,8024,10449,7721,8611,11848
278,PATHANAMTHITTA,4100,4468,4206,4409,4388,4433,4879,5343,5419,4971,5532,5327,6002
279,WAYANADU,2086,2069,2227,2395,2164,2321,2355,2503,2292,2760,4256,2890,3068
280,BALAGHAT,2925,3005,2895,3053,2924,2295,2290,2559,2388,2637,2447,2792,2871
281,BARWANI,2008,1787,2252,2255,2335,2392,2501,1907,1749,1913,1914,2026,2260
282,BETUL,2637,2902,3313,3018,3005,3291,3084,3241,3174,3177,3278,3080,3363
283,BHIND,3361,3665,3647,3802,3929,3856,2958,3171,3674,3211,3695,3920,4333
284,BHOPAL,13708,14217,14689,15718,10850,13016,14065,14718,15440,13711,15123,14320,13927
285,BHOPAL RLY.,1036,1315,1504,1673,1544,1417,1317,1327,1359,1138,1448,1429,1953
286,CHHATARPUR,3361,3680,3042,3528,3651,4667,5103,4928,5047,4692,5133,4521,4527
287,CHHINDWARA,3672,3834,3539,4126,3963,3855,3880,4589,5172,5190,5180,5310,5142
288,DAMOH,2879,2785,2676,2645,2275,2444,2755,2904,3130,3399,3649,3248,2630
289,DATIYA,1866,1875,1987,2089,2179,2338,2488,2388,2615,2530,2614,2441,2267
290,DEWAS,5039,6531,8478,7197,6075,5420,5648,5593,4790,5692,5434,5369,4980
291,DHAR,4910,5397,4938,5045,5227,4835,4620,5389,5816,5737,5547,5558,6164
292,DINDORI,821,865,1035,826,725,660,575,750,907,994,1038,1268,1990
293,GUNA,6001,6268,3578,3421,3421,3494,3501,3116,3133,3459,3708,3592,3788
294,GWALIOR,6846,7690,7833,8428,8765,10008,9838,9104,10029,11337,11015,10313,10693
295,HARDA,746,876,828,1092,1098,1284,1418,1205,1379,1362,1306,1318,1100
296,HOSHANGABAD,2741,3156,3361,3484,3546,3066,3174,3562,3562,4284,4078,3298,3630
297,INDORE,13063,14934,15998,15350,16026,16127,16874,19587,18306,18473,18569,21091,22249
298,INDORE RLY.,353,278,202,288,320,265,292,337,304,275,346,427,471
299,JABALPUR,8333,9290,10004,9524,9463,10199,10945,10857,9990,9973,10293,10575,10790
300,JABALPUR RLY.,359,345,397,515,574,396,397,365,529,496,615,975,1005
301,JHABUA,3416,3104,3371,2566,2505,2273,2295,1507,1589,1939,2028,2431,2498
302,KATNI,2285,2403,2557,2516,2534,2871,2917,2964,3038,3220,3228,3383,3803
303,KHANDWA,3911,3983,2791,3791,4380,3999,3170,3244,3158,3111,2914,2841,3336
304,KHARGON,3499,3696,4161,4367,3972,3918,4200,4144,4079,4121,3874,4171,4800
305,MANDLA,2122,1823,2147,1985,1462,1559,1653,1922,1654,1824,2210,2275,1906
306,MANDSAUR,2616,2812,2758,2997,3046,3165,3259,3360,3445,3203,3542,3469,3772
307,MORENA,5229,5149,4487,4976,5022,4880,5100,5062,4880,4912,5160,5431,5588
308,NARSINGHPUR,2311,2443,2146,2349,2613,1972,2336,2465,2689,3135,2949,3371,3649
309,NEEMUCH,2208,2223,2116,2204,1860,1816,2394,2082,2040,2046,2091,2183,2525
310,PANNA,1921,1717,1632,1384,1487,1503,1795,1704,1682,2077,2277,2234,1828
311,RAISEN,3009,3080,3376,3358,3368,3676,3699,3355,3901,4461,4172,4207,4656
312,RAJGARH,3718,4301,4066,5098,4493,4357,5367,4675,4429,4430,4609,4712,4433
313,RATLAM,3342,3332,3447,3661,3797,3704,3781,3488,3637,4245,3829,3420,3497
314,REWA,4603,4569,4450,4478,3956,4459,4689,5179,5158,5562,5007,5498,5741
315,SAGAR,7681,7303,6856,7143,7335,6972,8194,8169,8592,8518,8978,9276,8016
316,SATNA,4763,4503,4537,4877,5241,5748,5252,5798,5704,5373,5445,5407,6232
317,SEONI,2143,2038,1895,2278,2454,2468,2576,2551,2698,2906,2712,2728,2632
318,SHAHDOL,4162,4734,4165,2518,2552,2492,2558,2959,2843,2937,3204,3375,4344
319,SHAJAPUR,3663,3765,3718,3995,3570,3544,3780,3811,3675,3225,3123,3350,2523
320,SHEOPUR,1053,1339,1254,1053,1167,1159,1192,1239,1277,1214,1276,1347,1409
321,SHIVPURI,4321,4429,3473,3824,3713,4646,4178,4104,4094,4357,4911,4968,4772
322,SIDHI,3508,3606,3717,3719,3661,4136,4604,2367,2184,2603,2536,2568,2653
323,SIHORE,3389,3897,3212,3042,2957,3337,3160,3403,3337,3986,4315,3894,3907
324,TIKAMGARH,3078,3240,2678,2923,2761,3080,3512,3035,3330,3718,3240,3302,3196
325,UJJAIN,7641,8425,7634,8685,7371,7458,7752,8764,8706,8708,8411,8286,7970
326,UMARIYA,1849,1272,1244,1212,1208,1249,1186,1259,1200,1238,1404,1262,1579
327,VIDISHA,3635,3918,3710,3856,3944,3928,4286,4353,4378,4757,4651,4623,4687
328,AHMEDNAGAR,4391,4506,4251,4738,5241,6173,6753,7070,6530,7215,7648,7246,7934
329,AKOLA,4020,3886,3900,4354,4594,4222,4067,4132,4227,4472,4025,3442,3979
330,AMRAVATI COMMR.,2837,2665,2986,2740,2573,2591,2643,2439,2629,3079,2931,2713,2776
331,AMRAVATI RURAL,3655,3922,3763,3660,3655,3806,3692,4150,4209,4574,4228,4442,5440
332,AURANGABAD COMMR.,2351,2440,2286,2326,2476,2766,3155,3452,3727,3953,3781,3659,4033
333,AURANGABAD RURAL,2708,2703,2675,2777,2715,2591,3032,3347,2934,3223,3214,3562,4565
334,BEED,3644,3288,3887,3936,4324,4380,4466,4500,4338,4049,4230,4099,4713
335,BHANDARA,2252,2258,2313,2550,2398,2583,2554,2845,2259,2242,2077,2019,2257
336,BULDHANA,3701,3665,3821,3705,4240,4152,3780,4494,4260,3972,3902,3497,4024
337,CHANDRAPUR,3123,2970,3033,3539,3446,3703,4148,4456,4483,4006,3828,3763,4476
338,DHULE,2040,2149,1754,2042,2258,2516,2681,2783,2662,2974,2749,2542,3136
339,GADCHIROLI,1364,1403,1501,1367,1266,1278,1282,1195,1188,1082,957,981,1033
340,GONDIA,2006,1959,1875,1898,2108,2296,1937,2023,1911,1982,1947,1772,1887
341,HINGOLI,1841,1629,1735,1689,1908,1790,1597,1751,1667,1865,1743,1391,1400
342,JALGAON,4014,4302,3927,4336,4563,4443,4599,4901,4737,5408,5518,4954,5548
343,JALNA,2529,2326,2430,2603,2880,3011,2584,2832,2939,2960,3017,3051,3173
344,KOLHAPUR,3162,2990,3358,3132,3423,3781,3989,4398,3917,3727,4114,4554,4800
345,LATUR,3044,2832,3074,3382,3379,3902,3837,3681,3407,3513,3418,3237,3443
346,MUMBAI RLY.,2023,1942,1841,2020,1818,1897,1966,2222,2347,2322,2471,2325,2684
347,NAGPUR COMMR.,9912,8722,7357,8518,9605,9991,9791,8661,7785,7728,8063,8277,9426
348,NAGPUR RLY.,1056,1052,1169,1249,1110,1089,1031,1247,1160,1135,1235,1292,1577
349,NAGPUR RURAL,5680,5053,4644,4884,4815,4514,4436,4567,3983,3922,3891,3622,4242
350,NANDED,5348,5799,5829,5687,5420,4828,4654,4778,4991,5312,5162,4668,5058
351,NANDURBAR,1079,1178,1283,1247,1168,1266,1579,1501,1356,1542,1486,1358,1558
352,NASIK COMMR.,2195,2521,2542,2606,2776,2951,3115,3813,4218,4484,4512,4390,4401
353,NASIK RURAL,4880,4783,4384,4344,4513,4767,4899,4480,4840,5011,4989,5216,6477
354,NAVI MUMBAI,3063,3071,2861,3688,3843,3994,4705,4686,4876,5873,5658,5157,5390
355,OSMANABAD,2702,2656,2507,2418,3027,3227,3206,3072,2692,2831,3083,3055,2864
356,PARBHANI,2475,2366,2350,2444,2383,2512,2743,2767,2708,3043,2967,2836,3573
357,PUNE COMMR.,8936,8504,8813,10754,11817,11484,12818,14467,13848,13602,12622,12308,13159
358,PUNE RLY.,386,409,261,186,208,290,392,455,541,439,462,445,498
359,PUNE RURAL,4380,4518,4479,4830,5343,5573,6244,7183,7537,7741,7902,8433,9208
360,RAIGAD,2218,2149,2179,2127,2322,2589,2391,2061,2053,2006,1997,2159,2595
361,RATNAGIRI,1431,1222,1272,1301,1458,1634,1600,1561,1477,1604,1463,1398,1568
362,SANGLI,2999,2688,2713,2588,3068,2668,2651,2909,2777,2922,2743,2783,3353
363,SATARA,3465,3341,3164,3288,3777,4643,4335,4634,4350,4349,4312,5042,6086
364,SINDHUDURG,821,781,810,791,853,816,782,795,872,815,792,803,841
365,SOLAPUR COMMR.,1567,1597,1682,1737,1644,1786,1564,1684,1465,1623,1965,1992,2166
366,SOLAPUR RURAL,3145,2835,3230,2990,3363,3652,4220,4720,4634,4751,4716,4476,5057
367,THANE COMMR.,6616,6419,6708,7286,7664,8224,8911,9479,9570,9943,9653,10144,12631
368,THANE RURAL,3780,4010,4008,4250,4600,4970,5267,5792,5420,6213,6005,6919,7477
369,WARDHA,3443,3493,3783,3692,4018,4130,4026,4369,4041,3882,3492,3564,3959
370,WASHIM,1826,1875,1959,2233,2096,2011,2155,2222,2121,2070,2279,2241,2513
371,YAVATMAL,4157,4309,4223,4917,5439,5228,4949,4899,4650,4777,5008,6365,12567
372,BISHNUPUR,226,293,274,283,340,289,367,327,268,320,311,314,234
373,CHANDEL,74,98,83,64,89,71,88,74,80,59,63,68,53
374,CHURACHANDPUR,132,108,97,120,175,264,157,131,88,90,71,120,106
375,SENAPATI,176,130,132,117,120,108,145,139,139,177,161,176,123
376,TAMENGLONG,14,28,24,37,47,40,38,27,35,47,53,73,90
377,THOUBAL,403,488,488,346,482,464,544,648,486,414,585,691,524
378,UKHRUL,43,38,40,48,79,56,74,85,69,63,66,99,105
379,GARO HILLS EAST,134,110,132,98,158,148,159,130,167,151,237,147,188
380,GARO HILLS SOUTH,49,57,46,33,49,53,53,37,49,59,115,146,152
381,GARO HILLS WEST,235,196,200,212,267,242,267,533,591,556,533,471,400
382,KHASI HILLS EAST,754,771,770,762,762,901,979,896,804,849,943,917,1127
383,KHASI HILLS WEST,125,119,91,123,175,118,127,154,214,243,267,224,177
384,RI-BHOI,176,184,166,219,183,187,180,229,240,264,235,257,341
385,AIZAWL,1126,1409,1871,670,534,998,1056,976,1048,1110,983,905,844
386,CHAMPHAI,203,212,221,161,233,171,164,151,170,210,199,230,189
387,KOLASIB,216,240,253,47,152,253,248,217,207,182,146,173,176
388,LAWNGTLAI,160,162,144,99,249,87,124,147,154,156,64,89,90
389,LUNGLEI,229,336,355,250,468,237,237,265,200,244,191,142,154
390,MAMIT,74,62,93,38,104,65,74,62,104,107,85,80,88
391,SAIHA,182,326,360,142,270,185,103,78,83,88,79,65,67
392,SERCHHIP,56,73,159,108,146,77,77,93,81,77,74,82,88
393,DIMAPUR,464,467,238,333,350,425,510,558,536,511,499,524,572
394,KIPHIRE,18,11,16,21,19,9,19,21,11,26,13,11,42
395,KOHIMA,335,226,245,202,254,266,248,181,178,189,208,178,162
396,MOKOKCHUNG,93,64,103,62,47,49,84,82,57,82,56,61,88
397,MON,57,64,84,96,84,77,57,84,51,13,42,62,50
398,PEREN,28,31,27,14,30,39,28,18,37,20,22,29,15
399,PHEK,51,52,65,44,52,56,50,55,42,45,48,43,82
400,TUENSANG,41,45,56,58,77,45,51,36,28,36,42,44,56
401,WOKHA,93,99,85,85,86,64,66,95,58,47,65,59,87
402,ZUNHEBOTO,54,55,57,69,50,73,54,63,42,78,70,66,48
403,ANGUL,1461,1614,1614,1889,2047,2104,2428,2543,2881,2901,3383,3835,3842
404,BALASORE,2341,2490,2545,2504,2584,2987,2797,2803,3405,3330,3741,4257,4067
405,BARAGARH,1244,1259,1372,1399,1655,1225,1422,1513,1402,1627,1737,1749,1587
406,BERHAMPUR,1270,1128,1097,1152,1504,1184,1056,1059,1072,1251,1698,1958,1985
407,BHADRAK,1354,1411,1410,1662,1720,1642,1734,2078,2139,2005,2377,2624,2708
408,BOLANGIR,1323,1439,1648,1667,1621,1714,1870,1834,2093,2021,1958,2151,2008
409,BOUDH,415,403,405,397,409,464,485,463,332,360,514,660,706
410,CUTTACK,4258,4280,3985,3973,4197,3909,3919,2301,2377,2340,2481,2882,2407
411,DEOGARH,363,433,502,470,581,643,655,686,548,533,477,473,478
412,DHENKANAL,1156,1305,1187,1469,1546,1600,1900,1832,1689,1786,1738,1947,2131
413,GAJAPATI,433,425,368,402,420,443,452,481,464,388,362,397,424
414,GANJAM,1790,2179,2026,1922,1948,2003,2244,2126,1785,1882,2198,2295,2326
415,JAGATSINGHPUR,1314,1261,1302,1347,1218,1186,1317,1384,1478,1617,1590,2139,2324
416,JAJPUR,1522,1687,1630,1778,1786,2163,2152,2220,2252,2166,2492,2759,3008
417,JHARSUGUDA,750,710,962,887,1194,1298,1426,1531,1285,1325,1309,1247,1214
418,KALAHANDI,1269,909,780,870,1064,1299,1302,1360,1323,1564,1593,1685,1735
419,KANDHAMAL,1000,948,945,823,947,890,952,1630,828,742,891,841,909
420,KENDRAPARA,1057,929,930,994,1159,1173,1465,1399,1318,1392,1763,2096,2282
421,KEONJHAR,1922,2047,1973,1933,2268,2075,1891,2300,2544,2366,2161,2507,2579
422,KHURDA,5076,5236,5271,5337,5432,6007,6052,1380,1506,1521,1620,1848,1982
423,KORAPUT,1563,1452,1534,1587,1551,1532,1512,1469,1271,1302,1471,1430,1456
424,MALKANGIR,496,459,440,507,495,482,380,384,324,358,498,502,494
425,MAYURBHANJ,2029,2025,2213,2234,2259,2148,2434,2448,2262,2223,2565,2565,2958
426,NAYAGARH,852,865,903,842,991,1124,1273,1114,1092,1243,1191,1242,1520
427,NOWRANGPUR,687,764,708,683,756,735,851,840,853,975,1035,1022,1542
428,NUAPADA,466,491,562,704,751,683,749,720,700,711,776,921,1080
429,PURI,2202,2561,2442,2527,2477,2466,2809,2930,2756,2738,2944,3883,3753
430,RAYAGADA,850,959,881,951,965,900,788,715,751,829,1005,1044,1163
431,ROURKELA,1213,1226,1178,1271,1351,1420,1418,2247,1806,1616,1705,1861,2410
432,SAMBALPUR,2159,1904,1775,1841,2046,2305,2127,2377,2259,2271,2647,2474,3038
433,SONEPUR,444,488,466,375,347,455,466,455,504,578,660,559,650
434,SRP(CUTTACK),461,439,509,402,426,490,343,504,564,530,648,700,482
435,SRP(ROURKELA),269,281,211,228,215,266,281,304,424,468,492,454,443
436,SUNDARGARH,1652,1721,1507,1712,1755,1777,1922,1357,1196,1178,1239,1370,1576
437,BARNALA,501,545,623,474,473,530,637,705,637,739,824,688,771
438,BATALA,393,640,715,565,1085,1242,1049,803,861,909,858,1023,826
439,BHATINDA,1080,1197,1330,1319,1547,1441,1893,2206,2187,1872,1609,1810,2096
440,FARIDKOT,463,504,561,611,579,900,1067,895,782,847,760,771,724
441,FATEHGARH SAHIB,671,565,482,557,627,668,1292,998,979,939,792,767,811
442,G.R.P,482,390,377,361,295,302,306,401,468,390,351,359,419
443,GURDASPUR,580,819,669,724,848,1133,1100,938,1077,1217,780,840,884
444,HOSHIARPUR,1237,1339,1205,1175,1120,1351,1690,1529,1706,1688,1621,1626,1667
445,KAPURTHALA,755,912,887,807,1031,1201,1480,1469,1168,1159,1182,1408,1267
446,KHANNA,486,599,612,357,956,1010,1083,1089,982,1035,872,834,971
447,MANSA,425,533,546,587,613,656,777,824,799,794,583,650,640
448,MOGA,754,704,832,749,873,1311,1124,1106,1201,1227,1338,1152,1044
449,MUKTSAR,432,466,506,571,772,717,787,784,817,894,739,821,804
450,PATIALA,5973,3196,2949,2814,2786,2403,2428,2597,2940,3001,2653,2545,2869
451,ROPAR,1278,1370,1420,1152,1204,660,898,886,884,1099,1083,1108,1016
452,SANGRUR,1285,1402,1328,1267,1155,1125,1678,1836,1769,1953,1870,2103,2078
453,TARN TARAN,634,620,598,624,673,830,1186,933,863,858,1014,1117,1076
454,AJMER,6618,6983,6360,6775,5861,6523,6708,6339,6275,6112,6627,6550,8636
455,ALWAR,7023,6814,7118,7163,6921,7243,8199,8335,10092,9886,10643,11941,14677
456,BANSWARA,3508,3215,3171,2984,2426,2489,2199,2310,2286,2241,2567,2777,2784
457,BARAN,4333,3704,3486,3301,2977,2555,2489,3032,3376,3048,3488,3596,3333
458,BARMER,2369,2442,2424,2559,2479,2597,2664,2849,3110,3148,3392,3744,3996
459,BHARATPUR,7291,7304,7191,7528,6664,6134,6931,7203,8394,8425,9120,8849,10203
460,BHILWARA,6335,6593,5890,6297,5105,4635,4629,4808,5485,5268,4697,4893,5489
461,BIKANER,3952,3065,3512,3937,3418,3733,4105,4054,3883,3683,3831,4535,4978
462,BUNDI,4078,3899,3648,4154,3143,3010,2868,3101,3665,3286,3305,3124,3292
463,CHITTORGARH,7062,6470,6574,6861,5675,6006,6242,4533,4754,4755,4246,4390,4980
464,CHURU,2880,2855,2866,2713,2258,2282,2587,2759,3165,3153,3068,3363,3725
465,DAUSA,3546,3646,3482,4053,3450,3648,4195,4603,5092,5136,5145,5101,5673
466,DHOLPUR,3096,2811,2530,3043,2900,2949,3371,3616,4174,4311,3743,3739,3889
467,DUNGARPUR,1997,1936,1885,1910,1468,1596,1991,2033,1895,1875,2030,1844,2380
468,GANGANAGAR,5610,5393,5236,5512,4855,4807,5172,4632,5557,5241,5433,5427,6347
469,HANUMANGARH,3956,3867,3818,3846,3185,3083,2922,3354,3721,3763,3994,4077,4825
470,JAISALMER,1020,917,696,821,742,851,972,993,1037,1124,1081,1177,1434
471,JALORE,2507,2587,2404,2411,2108,2106,2329,2472,2684,2506,2465,2480,2593
472,JHALAWAR,3533,3498,3262,3838,3558,3134,2782,3368,4345,3981,3596,3795,4133
473,JHUNJHUNU,4102,4197,3607,3917,3355,3610,3956,3859,4237,3661,4078,4358,4752
474,KARAULI,2908,2924,3217,3373,3166,3291,3564,3771,4112,4461,4402,4561,4636
475,NAGAUR,4575,4814,4476,4311,4078,4432,4001,3775,4231,4211,4258,4498,5186
476,PALI,4640,5065,4969,5329,4693,4337,4733,4704,5255,5161,5347,5469,6152
477,RAJSAMAND,2872,2587,2639,2499,2318,2456,2325,2159,2457,2380,2282,2439,2571
478,SAWAI MADHOPUR,3094,3004,3098,3217,3059,3487,3485,3435,3406,3510,3725,4054,4077
479,SIKAR,4333,4054,3552,4029,4223,4156,4047,4202,5138,5029,5417,5824,6941
480,SIROHI,2185,2313,2055,2207,2132,1834,1888,1834,2033,1910,1952,1906,2148
481,TONK,3913,3738,3837,3803,3844,3877,3497,3203,3543,3158,3274,3232,4022
482,UDAIPUR,6365,6388,6106,7183,6418,6199,7023,6716,7467,8102,7939,7984,8212
484,EAST,4447,3881,4331,5528,5453,5573,6016,5540,6379,6723,7004,7423,10388
488,NORTH,3998,3681,3391,3418,3306,3016,3352,3113,2908,2889,2841,2700,4081
492,SOUTH,10745,9306,8440,9672,10529,10854,10414,4821,5353,5308,5141,5045,8593
495,WEST,7690,7148,7077,7343,7217,7368,6391,5286,5111,5475,5883,5558,8813
496,CHENNAI,7292,8526,8580,12436,20127,16168,16508,11829,10905,10869,21346,19881,17747
497,CHENNAI RLY.,493,559,574,645,373,346,358,539,490,647,515,558,598
498,COIMBATORE RURAL,9115,8862,9257,9840,10000,7435,14360,10998,4667,4806,4590,5093,5053
499,COIMBATORE URBAN,3490,3226,3187,3831,3845,3974,3924,4180,4318,4180,4030,10357,17945
500,CUDDALORE,8018,7095,6098,7109,6458,6037,6909,6509,6622,6179,9215,11318,8758
501,DHARMAPURI,5123,5816,6099,2789,2727,2670,3488,4696,3875,3761,3574,3742,4416
502,DINDIGUL,4657,5165,5020,5047,4829,4720,4439,4627,4869,5299,5426,5985,5845
503,ERODE,6631,6666,6052,6045,6379,5831,7380,8006,5670,6702,6198,4789,4342
504,KANCHIPURAM,5840,7869,5087,6807,5085,5475,7236,6916,5615,5757,6269,8040,7977
505,KANYAKUMARI,3732,4731,3502,3113,3063,3061,4206,4735,4868,4752,5199,4810,4203
506,KARUR,2245,2579,2414,2435,2865,2425,2642,2464,2358,2974,2574,2401,2013
507,MADURAI RURAL,4877,4459,4110,4253,5380,4448,4734,4791,5152,5348,6165,6358,7855
508,MADURAI URBAN,4161,3689,3253,3164,3384,2464,2325,2470,3000,2672,2873,3261,3031
509,NAGAPATTINAM,3724,4061,3636,3480,3673,3820,4404,4133,3976,4027,4153,4245,3919
510,NAMAKKAL,2659,3777,3558,3608,3310,3232,3849,4625,4410,4690,4526,4070,4113
511,NILGIRIS,1330,1380,1599,1707,1695,1422,1365,1371,1096,1320,1324,1216,1203
512,PERAMBALUR,1100,2931,2438,2505,2683,2568,2896,3138,1520,1536,1518,1455,1300
513,PUDUKOTTAI,3416,3391,3262,3323,3752,3784,3450,3032,3048,4808,3573,3142,3379
514,RAMNATHAPURAM,3234,3166,2959,2865,2894,2802,3027,2907,3401,3462,3511,3549,3583
515,SALEM RURAL,4225,4507,6310,5908,6091,4275,5208,7381,5781,8634,6222,5939,5832
516,SALEM URBAN,1846,1996,2070,2865,4025,2560,1520,2313,2404,3218,3445,2329,2852
517,SIVAGANGAI,3030,2832,2721,2620,2400,2499,2897,2888,2534,2611,3074,3598,3742
518,THANJAVUR,3506,3909,3985,3930,4095,4740,6504,7420,7408,6946,6528,6785,6510
519,THENI,2646,2941,3054,3367,3227,2873,3712,4992,5214,5384,5019,4312,4311
520,THIRUNELVELI RURAL,6350,6629,6367,4834,5530,6124,7610,7822,7740,7777,7943,9024,10365
521,THIRUNELVELI URBAN,1569,1276,1065,1305,1191,1143,1398,1574,1811,1630,1234,1352,1525
522,THIRUVALLUR,3468,3612,3184,3163,3061,3071,3056,4116,4067,3487,3453,3579,4003
523,THIRUVANNAMALAI,4749,4953,3949,3842,2971,3095,4663,4625,4067,4562,4298,4874,4614
524,THIRUVARUR,3043,2532,2776,2950,3064,3285,4300,2770,3180,3976,4397,4039,3963
525,THOOTHUGUDI,5290,5090,5353,4950,4571,4157,4663,5508,5436,4954,5405,5324,5519
526,TRICHY RLY.,206,232,177,210,200,100,92,98,170,195,230,216,223
527,TRICHY RURAL,3104,3318,3037,3639,3855,3750,3566,3598,3911,4525,4796,4485,4131
528,TRICHY URBAN,2279,2495,2470,2615,2935,3155,3218,3273,3593,3741,3496,2926,2783
529,VELLORE,7941,8245,7354,6760,6411,6926,7343,7050,6862,8249,7672,7710,9802
530,VIRUDHUNAGAR,4503,4280,4815,4637,5228,4157,4023,4271,4428,4845,4915,5504,4336
531,DHALAI,205,401,530,301,328,354,358,417,420,541,437,443,394
532,AGRA,6662,5617,3438,5040,4799,6098,6135,6925,6704,6919,10290,9360,9298
533,ALIGARH,4688,3996,2325,3884,4166,3851,3751,4069,5733,5636,5881,5806,8129
534,ALLAHABAD,6096,4962,2512,3963,3517,3640,4417,5161,5175,4955,6256,6394,8357
535,AMBEDKAR NAGAR,1379,1028,406,793,886,991,1027,1040,1056,1168,1283,1211,1339
536,AURAIYA,1137,1036,745,814,962,1011,1069,822,1008,1000,1183,1319,1316
537,AZAMGARH,2247,1879,1404,2039,2030,1515,1308,1760,1752,1764,2173,2284,2621
538,BADAUN,3064,2617,1834,2492,2003,1906,1831,2112,2548,2203,2599,2537,2607
539,BAGHPAT,1355,1117,690,974,1002,1161,1114,1539,1438,1220,1736,1560,1831
540,BAHRAICH,1316,1069,1144,1266,1164,1288,1313,1217,1879,2181,2679,2369,2389
541,BALLIA,1934,1436,652,1133,863,813,816,936,928,824,1148,1607,1790
542,BANDA,1722,1474,746,1060,1009,898,978,1830,1434,1138,1281,1224,2055
543,BARABANKI,2578,2198,1033,1661,1638,1775,1931,2986,2862,2238,2216,2096,2677
544,BAREILLY,5269,4392,2545,4117,4020,3941,4834,5222,4728,4277,5010,5228,6860
545,BASTI,1753,1412,1233,975,822,830,1130,999,907,806,796,1237,1162
546,BIJNOR,2487,1911,1869,1547,1434,1522,2070,2295,2647,2860,2555,3108,3639
547,BULANDSHAHAR,3972,3172,1870,2811,2723,2933,4005,3568,2595,3056,3898,3554,4712
548,CHANDOLI,765,627,390,608,484,645,955,1129,814,834,936,1043,1083
549,CHITRAKOOT DHAM,392,397,299,406,406,398,440,528,460,457,588,780,807
550,DEORIA,2402,1582,844,1217,1060,1011,1001,797,1067,810,1188,1446,1882
551,ETAH,4521,3170,1555,2235,1941,2013,2723,1984,2078,2012,1695,2468,2506
552,ETAWAH,1942,1492,808,1406,1604,1522,2208,2408,2472,1918,2134,1996,2242
553,FAIZABAD,1967,1681,704,1079,1226,1323,1463,1733,1787,1770,2049,2281,2150
554,FATEHGARH,1694,1413,851,829,765,1005,1388,1433,1267,903,1185,1608,1754
555,FATEHPUR,1946,1637,913,1193,1142,1165,1419,1819,1621,1943,2256,2152,2234
556,FIROZABAD,2726,2555,1715,2325,2146,2355,2652,3009,3051,2541,2969,3096,4026
557,GAUTAMBUDH NAGAR,2443,2213,1085,2290,2169,2401,3277,3622,4707,6091,6215,6687,8199
558,GHAZIABAD,5079,4619,2627,4613,4256,4207,4320,4888,11821,10217,7813,7477,9150
559,GHAZIPUR,1308,1048,659,1037,872,790,1102,1059,960,806,794,1430,1626
560,GONDA,1719,1505,912,976,999,1280,1233,1395,1746,2054,2481,2458,2342
561,GORAKHPUR,2598,2618,1690,2528,2193,2204,2076,2892,3906,5246,5074,4577,4444
562,HARDOI,3078,1990,1446,2094,1914,1784,1806,2114,2699,2292,3104,3005,2890
563,HATHRAS,2216,1845,1387,1783,1646,1520,1879,1447,1663,1591,1595,1770,2094
564,JALAUN,1778,1153,734,1084,1552,1016,1164,1106,1116,899,1066,1292,978
565,JAUNPUR,1993,1405,1108,1586,1301,1767,2198,2230,2130,1779,1640,1822,2218
566,JHANSI,1981,1419,1516,1672,870,827,1183,1011,1144,1113,1934,2016,1923
567,KANNAUJ,1254,921,870,993,930,926,1084,1160,1178,947,2058,1689,1508
568,KANPUR NAGAR,6808,5908,3231,4526,3718,4736,8008,8885,6812,6892,7661,7018,7060
569,KAUSHAMBI,1456,950,503,762,723,734,1156,1674,1320,1188,1410,1302,1600
570,KHIRI,3754,2452,2108,2670,2257,2127,2308,2768,2359,2296,2842,2917,3587
571,KUSHI NAGAR,1456,1198,731,1204,1106,1006,1127,976,1044,1192,1529,1698,1988
572,LALITPUR,773,584,344,448,287,469,583,495,613,616,828,697,696
573,LUCKNOW,9205,8622,6806,7412,8007,8102,10017,13707,12424,12454,10538,11083,13583
574,MAHARAJGANJ,861,679,679,577,563,672,1111,807,832,1004,764,1524,1369
575,MAHOBA,728,593,386,440,399,445,496,652,558,586,644,791,838
576,MAINPURI,2147,1701,1073,1587,1437,1624,2232,2207,1776,1644,2212,2400,2432
577,MATHURA,2990,2610,1520,2227,2532,3148,3965,3911,3994,4307,4546,4438,4386
578,MAU,1331,1119,745,778,784,906,911,1110,1024,1075,1270,1535,1495
579,MEERUT,5377,4018,2705,4298,4347,4072,4410,5025,5375,6792,7607,7984,8360
580,MIRZAPUR,1185,902,544,878,898,814,795,1294,1196,1210,1012,775,786
581,MORADABAD,3445,2852,2037,3664,3499,3659,4304,5093,4008,4382,3618,3652,3747
582,MUZAFFARNAGAR,4042,3188,2485,2893,3232,3328,3720,3892,4117,4850,4079,3715,4496
583,PILIBHIT,2239,1907,1181,1637,1238,1505,1651,2470,1834,1989,2633,2296,2798
585,PRATAPGARH,2421,1862,1001,1732,1439,1826,1684,2483,1963,1670,1854,2354,3311
586,RAIBAREILLY,2544,2109,1445,1854,1771,1592,1826,2228,2174,1456,1553,1774,2085
587,RAMPUR,1644,1412,1149,1479,1208,1458,2138,2252,2434,2326,2514,2105,1970
588,SAHARANPUR,2869,2331,1623,2477,2393,2852,2960,2737,2421,2786,3079,3254,3541
589,SANT KABIRNAGAR,599,418,378,430,408,515,503,823,964,958,792,736,744
590,SHAHJAHANPUR,2941,2716,1446,2166,1822,1573,2691,2640,2431,2359,2620,2632,2903
591,SHRAWASTI,747,488,237,366,337,413,393,390,616,600,576,553,835
592,SIDHARTHNAGAR,834,595,634,847,677,793,771,765,700,617,661,707,758
593,SITAPUR,4732,3405,1905,3039,3168,2637,2881,3275,3172,2830,3394,3360,3934
594,SONBHADRA,595,557,334,559,519,509,744,969,962,978,905,901,779
595,ST.RAVIDASNAGAR,590,532,285,579,484,438,478,433,441,298,348,466,512
596,SULTANPUR,2540,2140,1249,1441,1297,1419,1594,1902,2283,1554,1551,1821,2284
597,UNNAO,3548,2662,1887,1917,1768,1575,1560,1583,1782,1636,2191,2683,2825
598,VARANASI,2904,2809,1681,2209,1748,2662,3784,3739,3148,3060,3021,3465,5077
599,ALMORA,251,324,254,221,254,249,299,252,246,162,122,150,172
600,BAGESHWAR,115,129,102,90,106,99,109,65,69,46,48,74,84
601,CHAMOLI,213,227,201,243,248,189,221,94,112,109,80,74,119
602,CHAMPAWAT,127,92,123,128,108,109,84,79,82,96,90,85,97
603,DEHRADUN,1988,1777,1673,1955,1845,2005,2205,2458,2425,2370,1969,2189,2279
604,HARIDWAR,1843,2028,1776,1909,1800,2162,2534,2522,2268,2654,2632,2613,2796
605,NAINITAL,877,806,875,892,871,785,883,892,928,894,768,740,842
606,PAURI GARHWAL,396,426,451,439,387,330,419,178,225,197,209,256,307
607,PITHORAGARH,364,271,305,306,254,252,341,160,150,136,157,103,117
608,RUDRA PRAYAG,106,120,143,132,137,126,134,37,59,107,94,111,101
609,TEHRI GARHWAL,314,283,317,331,248,171,248,241,114,116,97,101,114
610,UDHAMSINGH NAGAR,1167,1257,1426,1771,1561,1746,1903,1749,2023,2288,2433,2314,2426
611,UTTARKASHI,312,236,277,217,214,189,219,129,101,65,75,72,92
612,24 PARGANAS NORTH,6167,6894,7351,8827,7958,7776,9201,11247,13046,15151,17412,11765,13409
613,24 PARGANAS SOUTH,5827,5965,6556,7123,6724,7396,8856,13920,13624,15299,15252,14370,15567
614,ASANSOL,362,363,1327,1062,1217,1699,1491,1676,1361,1841,3381,3897,4785
615,BANKURA,1180,1205,1341,1618,1542,1282,1329,1460,1586,2251,2296,2758,2494
616,BIRBHUM,2213,2010,1845,1612,1680,1625,1868,2526,2702,2547,2511,3083,2882
617,BURDWAN,4693,4129,3209,4140,4502,3897,4384,4128,5556,4996,3997,4674,4973
618,COOCHBEHAR,1262,1146,1191,1264,1277,1697,2051,2499,3465,3721,3354,3491,4437
619,DAKSHIN DINAJPUR,1011,1114,870,860,943,1101,1284,1551,1602,2071,2336,2725,2606
620,DARJEELING,1778,1881,1720,1261,1448,1682,1873,2246,2629,2848,3555,1574,1943
621,HOOGHLY,3020,2773,3031,3663,3270,3220,3632,3844,4064,4748,5391,6434,6931
622,HOWRAH,1195,1359,1113,1760,1658,3633,4073,5487,5500,8519,5447,5059,4849
623,HOWRAH G.R.P.,951,509,467,498,569,826,493,666,455,708,667,499,415
624,JALPAIGURI,2321,1924,2301,2866,2886,2610,6654,12992,6445,7433,7886,7861,7161
625,KOLKATA,11970,10663,10714,10757,9391,9381,10901,13005,13615,15510,17152,25370,26319
626,MALDA,1859,1611,1747,2467,2241,2102,2175,2798,3927,4286,4496,5634,5280
627,MURSHIDABAD,2683,2631,3467,4283,4052,4759,5243,6302,12308,13094,14154,12713,12310
628,NADIA,3623,3786,3520,4218,4454,4672,5623,7247,8706,9274,12271,11919,12135
629,PURULIA,1292,1158,1089,1125,1034,1094,1385,1744,1506,1795,1895,1841,1613
630,SEALDAH G.R.P.,418,410,337,424,304,295,269,257,373,467,535,657,647
631,SILIGURI G.R.P.,143,130,147,141,141,99,96,135,116,133,231,248,242
632,UTTAR DINAJPUR,1540,1325,1327,1566,1705,1981,2019,2730,2923,3759,3885,5212,6998
633,CHANDIGARH,3397,3806,2806,2889,3133,3126,3643,3931,3555,3373,3542,3606,4077
634,DAMAN,194,211,240,171,193,243,210,192,208,164,170,202,217
635,DIU,45,50,29,27,50,45,50,56,68,39,54,37,29
636,CENTRAL,3750,3578,2998,3335,3529,3706,3248,3100,2833,2828,2451,2973,4562
637,NEW DELHI,2660,2406,2177,2651,2295,2288,2195,1859,1492,1452,1181,1057,1458
638,LAKSHADWEEP,36,53,31,70,42,80,56,95,134,42,44,60,40
